horse_id,父,母,母父
2023107095,ドレフォンDrefong(米),タンタラス,キングカメハメハ
2023107403,コントレイル,アマルティア,アドマイヤムーン
2023100283,アドマイヤマーズ,カリフォルニアネクターCalifornia Nectar(米),Stormy Atlantic
2023107206,ゴールドシップ,プリティカリーナPretty Carina(米),Seeking the Gold
2023100888,アジアエクスプレス,ラブラブラブ,オルフェーヴル
2023103225,ミスチヴィアスアレックスMischevious Alex(米),マドリガルスコア,ダンスインザダーク
2023102401,ダノンレジェンド,ハルシュタット,ファスリエフFasliyev(米)
2023100805,エーシントップ,マリノエリー,タートルボウルTurtle Bowl(愛)
2023102338,ベストウォーリア,シャインカメリア,アポロキングダム
2023106065,ロードカナロア,アイリーグレイ,クロフネ
2023104480,シルバーステート,コンフォータブル,ザールXaar(英)
2023102971,ジャスタウェイ,ブリーズトウショウ,シンボリクリスエス
2023101659,マジェスティックウォリアーMajestic Warrior(米),エビスオール,Chief Seattle
2023103072,ビッグアーサー,ボイルトウショウ,ケイムホームCame Home(米)
2023100808,ダノンレジェンド,マリノディアナ,カルストンライトオ
2023103519,ジャスタウェイ,フィジオクラートPhysiocrate(仏),Doctor Dino(仏)
2023100629,インディチャンプ,ラヴィーズラヴィン,Giant's Causeway(米)
2023105682,ナダルNadal(米),バニーテール,カネヒキリ
2023105838,キタサンブラック,ブリュネット,ダイワメジャー
2023105474,アジアエクスプレス,アーベントロート,フジキセキ
2023101841,キセキ,カノン,フォーティナイナーズサンFourty Niners Son(米)
2023102868,ゴールドドリーム,サクラクローバー,サウスヴィグラス
2023105365,American Pharoah(米),マールボロロードMarlborough Road(愛),The Gurkha(愛)
2023103196,キタサンブラック,アトラクティヴレディAttractive Lady(英),Teofilo
2023102319,ドレフォンDrefong(米),ロジネイア,エピファネイア
2023105754,ロゴタイプ,ミタイナ,Denman
2023101712,シャンハイボビーShanghai Bobby(米),カレンシェリーメイ,ディープインパクト
2023105839,ジャスタウェイ,ポプラ,Frankel
2023100961,ドレフォンDrefong(米),ペイザージュ,ダイワメジャー
2023100851,ΞΙΞόΓΦΞ»Ξ’ΞΓΞκΞ≥Ξσ,ΞόΞδΞΝΞψΞσ,ΞμΓΦΞ…ΞΪΞ ΞμΞΔ
2023106094,モーニン,ダブルスカーレット,ダイワメジャー
2023105795,ロードカナロア,オースオブゴールド,オルフェーヴル
2023105630,エスポワールシチー,リアンローズ,スターリングローズ
2023103556,ルーラーシップ,マジカルキュート,ディープインパクト
2023104194,マテラスカイ,コーリンスピカ,トーセンダンス
2023105538,ハッピースプリント,カゼニモマケズ,パイロPyro(米)
2023104567,シルバーステート,ジュローズ,ワークフォースWorkforce(英)
2023102714,サトノアラジン,セブンシーミノル,エンパイアメーカーEmpire Maker(米)
2023107462,ファインニードル,デストリアー,ディープスカイ
2023103210,パイロPyro(米),ビーチマリカ,スマートファルコン
2023100419,フィレンツェファイア,トレミエール,ハーツクライ
2023105077,ダノンキングリー,アルカイクスマイル,クロフネ
2023107348,キズナ,レディデラウェアLady Delaware(米),American Pharoah(米)
2023105081,カリフォルニアクロームCalifornia Chrome(米),バイカターキン,エンパイアメーカーEmpire Maker(米)
2023104504,ゴールドアクター,ゴールドアクション,ヘニーヒューズHenny Hughes(米)
2023102893,リオンディーズ,カウントオンイット,クロフネ
2023100668,ルヴァンスレーヴ,エスコルピオン,ダンスインザダーク
2023104023,ベンバトルBenbatl(英),スコルピオンキッス,フレンチデピュティFrench Deputy(米)
2023104922,クリソベリル,アルボナンザ,キングカメハメハ
2023102426,ヴァンセンヌ,ヤマサラグランジュ,サクラバクシンオー
2023105885,ニホンピロアワーズ,シゲルチャグチャグ,サムライハート
2023105211,オルフェーヴル,アガラデイA Gala Day(米),Munnings
2023104229,セイウンコウセイ,キラステラ,ハービンジャーHarbinger(英)
2023105689,ミッキーアイル,ヒシラストレディ,Posse
2023106620,サートゥルナーリア,レッドアルジーヌ,ハーツクライ
2023105536,エイシンヒカリ,エイシンポラリス,Unbridled's Song(米)
2023100515,コパノリッキー,ラッキーレディ,ネオユニヴァース
2023100161,インディチャンプ,フォワードカール,ゼンノロブロイ
2023106886,サートゥルナーリア,ウィクトーリア,ヴィクトワールピサ
2023104069,ダノンスマッシュ,コウエイオトメ,ハーツクライ
2023102715,ロゴタイプ,ピンクノミーナ,ダイワメジャー
2023107066,リアルスティール,スイートセント,ワークフォースWorkforce(英)
2023102560,ダノンプレミアム,アルファジップ,City Zip(米)
2023104753,ノヴェリストNovellist(愛),パリュール,リンカーン
2023100160,ビッグアーサー,ソプラノムーン,アドマイヤムーン
2023100314,ルーラーシップ,グレイスフラワー,ダイワメジャー
2023106221,アドミラブル,ナムラエビータ,イスラボニータ
2023101369,トーセンラー,デルマムリョウ,ノヴェリストNovellist(愛)
2023102396,ゴールドシップ,ヌーナ,Congrats(米)
2023103386,コントレイル,クイーンズアドヴァイスQueen's Advice(亜),Orpen
2023103820,ポエティックフレアPoetic Flare(愛),リバースシンキング,ディープブリランテ
2023107121,キズナ,ディアンドル,ルーラーシップ
2023106994,ドレフォンDrefong(米),グロリアーナ,ハーツクライ
2023105275,モーリス,オーサムウインド,ディープインパクト
2023106776,ディープブリランテ,ナムラメルシー,エンパイアメーカーEmpire Maker(米)
2022102604,ゴールドシップ,フォロミーバゴ,バゴBago(仏)
2022105338,ブリックスアンドモルタルBricks and Mortar(米),サラス,オルフェーヴル
2021103537,モーリス,ブロンズテーラー,ロージズインメイRoses in May(米)
2022102745,レイデオロ,ペイフォワード,ディープインパクト
2022104929,アドマイヤマーズ,トレジャリングTreasuring(英),Havana Gold
2022101498,アルアイン,ブラーノ,キングカメハメハ
2020104778,シャンハイボビーShanghai Bobby(米),アンスタンフィール,スタチューオブリバティStatue of Liberty(米)
2022104936,Frankel,ドリームアンドドゥDream And Do(愛),Siyouni
2022102846,ロードカナロア,ラフレーズカフェ,マンハッタンカフェ
2022105154,シュヴァルグラン,レスペランス,キングカメハメハ
2022104740,アドマイヤマーズ,ギエム,Medaglia d'Oro
2022102383,リオンディーズ,フィエラメンテ,タニノギムレット
2022106566,キズナ,ダイシンステルラ,ダイシンオレンジ
2022103156,ラブリーデイ,ラブインブルーム,タイキシャトル
2021101201,サトノアラジン,ショウナンカガリビ,フレンチデピュティFrench Deputy(米)
2019103219,ラニ,チェストケハーツ,ハーツクライ
2022100360,スワーヴリチャード,ブラックカシミール,バブルガムフェロー
2021104850,ディーマジェスティ,グリサージュ,クロフネ
2021104822,ラニ,リボルトレイダー,ワイルドラッシュWild Rush(米)
2022101255,ドレフォンDrefong(米),グロリアスブレイク,Distorted Humor(米)
2022101438,ブリックスアンドモルタルBricks and Mortar(米),ハッピーグラス,ディープインパクト
2022101814,モーニン,ナムラアピア,クロフネ
2022100557,ウインブライト,ブーケドロゼブルー,ロージズインメイRoses in May(米)
2022101481,マインドユアビスケッツMind Your Biscuits(米),オースミハナチャン,ハーツクライ
2021106128,デクラレーションオブウォー,ヒシラガーディア,マンハッタンカフェ
2020103118,ハーツクライ,レディオブフィフティLady of Fifty(米),After Market
2021101580,グレーターロンドン,メイショウサリー,ヨハネスブルグJohannesburg(米)
2022101906,イスラボニータ,キョウエイレガシー,ハービンジャーHarbinger(英)
2022104771,Kingman(英),コスモポリタンクイーンCosmopolitan Queen(英),Dubawi
2022101469,アルアイン,ロンドンシーズン,ロードカナロア
2022104197,ロジャーバローズ,オールフラッグズフライングAll Flags Flying(米),War Front
2021101595,サトノクラウン,セトノフラッパー,タイキシャトル
2020106987,ディスクリートキャットDiscreet Cat(米),ローブドヴルール,サウスヴィグラス
2022104734,キズナ,キラモサKirramosa(新),Alamosa
2022102939,リアルスティール,マチャプチャレ,ヨハネスブルグJohannesburg(米)
2021104074,ダイワメジャー,ラブディラン,Dylan Thomas(愛)
2020105073,アメリカンペイトリオット,ブラックシュガー,ブラックタイド
2018103485,トーセンラー,オーガンディー,フレンチデピュティFrench Deputy(米)
2021104416,カリフォルニアクロームCalifornia Chrome(米),ハナフブキ,ディープインパクト
2021106623,シニスターミニスターSinister Minister(米),キングベイビー,マンハッタンカフェ
2018104646,スクリーンヒーロー,ステラスターライト,ディープインパクト
2021105182,キンシャサノキセキ,Pirika(愛),Monsun
2021100170,ロードカナロア,ルアンジュ,マンハッタンカフェ
2020104738,アジアエクスプレス,アラピンタAlapinta(英),Medicean
2020100053,シニスターミニスターSinister Minister(米),エクディス,クロフネ
2022101389,マインドユアビスケッツMind Your Biscuits(米),アーキタイプ,ディープインパクト
2019101864,ハーツクライ,アーキオロジーArcheology(米),Seeking the Gold
2021106797,Good Magic,ディスポーザブルプレジャーDisposablepleasure(米),Giacomo
2020105494,エイシンヒカリ,ニシノオマージュ,ストリートセンスStreet Sense(米)
2022102987,ナダルNadal(米),トーコーユズキ,ディープインパクト
2021105356,ブラックタイド,アズールムーン,Malibu Moon
2019101614,キタサンブラック,クラリネットClarinet(米),Giant's Causeway(米)
2019101507,ドゥラメンテ,ラヴァリーノRavarino(米),Unbridled's Song(米)
2021104800,ブリックスアンドモルタルBricks and Mortar(米),リープオブフェイス,クロフネ
2021105623,キズナ,セルキスSelkis(独),Monsun
2018103677,キズナ,ヴェルヴェットクイーンVelvet Queen(英),Singspiel(愛)
2018100297,ジョーカプチーノ,ピントゥハティ,アドマイヤムーン
2021110022,Golden Horn(英),Entertainment,Halling
2019106330,ホッコータルマエ,サティーヌアロム,シンボリクリスエス
2018100752,エイシンフラッシュ,サトノサンシャイン,ステイゴールド
2021100016,エイシンヒカリ,ポリリズム,バチアーBachir(愛)
2022100194,マジェスティックウォリアーMajestic Warrior(米),フジインザスカイ,ディープスカイ
2021104058,ダンカークDunkirk(米),サクラナスカ,サクラバクシンオー
2022100574,シニスターミニスターSinister Minister(米),ヘルディン,ロードアルティマ
2022107359,モズアスコット,スイートガーデン,ブラックタイド
2022103859,ルヴァンスレーヴ,コウエイラブリー,エンパイアメーカーEmpire Maker(米)
2019105041,ロードカナロア,アドマイヤテンバ,クロフネ
2021100639,ドレフォンDrefong(米),アカカホール,ダイワメジャー
2019102163,パイロPyro(米),フォーミー,アドマイヤマックス
2022106568,ディスクリートキャットDiscreet Cat(米),ドナリサ,サウスヴィグラス
2020105949,ダノンレジェンド,ブライアンズイブ,ブライアンズタイムBrian's Time(米)
2021100674,レイデオロ,アスカビレン,ブラックタイド
2021105958,ニューイヤーズデイ,サオヒメ,サンデーサイレンスSunday Silence(米)
2020104960,ビッグアーサー,トロピカルガーデン,ハイアーゲーム
2023103676,コントレイル,アレイヴィングビューティA Raving Beauty(独),Mastercraftsman
2023100652,シャンハイボビーShanghai Bobby(米),シャドウライフ,サクラバクシンオー
2023107267,キズナ,ムミービーチMumy Beach(亜),Treasure Beach(英)
2023109040,アニマルキングダムAnimal Kingdom(米),メイショウアシタバ,スタチューオブリバティStatue of Liberty(米)
2023100609,マインドユアビスケッツMind Your Biscuits(米),ペガサスハーツ,ハーツクライ
2023102766,シャンハイボビーShanghai Bobby(米),スマートスピカ,キングカメハメハ
2023102891,マジェスティックウォリアーMajestic Warrior(米),オリーブティアラ,キングカメハメハ
2023102197,ルヴァンスレーヴ,ココナフレイバー,スウェプトオーヴァーボードSwept Overboard(米)
2023106339,タワーオブロンドン,アイリッシュペコ,Sea The StarsSea the Stars(愛)
2023100601,ロジャーバローズ,ケイト,ブライアンズタイムBrian's Time(米)
2023105244,ニューイヤーズデイ,ナチュラルスタンス,フジキセキ
2023106068,コントレイル,アオイプリンセス,キングカメハメハ
2023104553,レイデオロ,フルマークス,Kitten's Joy(米)
2023104384,シニスターミニスターSinister Minister(米),キエレ,Distorted Humor(米)
2023101526,サートゥルナーリア,ショウサンウルル,Grand Slam
2023107545,Charlatan(米),Streetwithnoname,ストリートセンスStreet Sense(米)
2023105059,カリフォルニアクロームCalifornia Chrome(米),デンファレ,フジキセキ
2023105466,ナダルNadal(米),フェアリーバローズ,ロードカナロア
2023106239,ダノンプレミアム,ナムラテス,ダイワメジャー
2023101738,シュヴァルグラン,パームジュメイラ,ロードカナロア
2023105816,ロードカナロア,フラーティングアウェイFlirting Away(米),Distorted Humor(米)
2023100287,パイロPyro(米),ジョーカナチャン,ロードカナロア
2023103189,フィレンツェファイア,テンザンオトヒメ,フジキセキ
2023104997,シャンハイボビーShanghai Bobby(米),アルケミスト,ダイワメジャー
2023104747,シャンハイボビーShanghai Bobby(米),プレイズラン,ディープブリランテ
2023105026,マテラスカイ,マーテル,ドゥラメンテ
2023100378,ベンバトルBenbatl(英),カワカミサクラKawakami Sakura(愛),Danehill Dancer(愛)
2023103054,フィレンツェファイア,マリアン,キンシャサノキセキ
2023104705,サンダースノーThunder Snow(愛),ニシノマメフク,スペシャルウィーク
2023101506,ビッグアーサー,クリノハッチャン,ステイゴールド
2023110083,Charlatan(米),Girl Talk,Medaglia d'Oro
2023100230,レイデオロ,アンジュエ,アグネスタキオン
2023105508,スクリーンヒーロー,エイシンミノアカ,キングカメハメハ
2023102630,キズナ,サトノジェイド,Cape Cross
2023105329,ナダルNadal(米),ヘアケイリー,ディープインパクト
2023103395,レイデオロ,コレクターアイテム,ハーツクライ
2023100477,リアルスティール,エアベルヘザー,エンパイアメーカーEmpire Maker(米)
2023103904,ルヴァンスレーヴ,メジロコウミョウ,キングカメハメハ
2023103419,ブリックスアンドモルタルBricks and Mortar(米),ザレマ,ダンスインザダーク
2023105444,ロジャーバローズ,ネガイ,ルーラーシップ
2023103098,アメリカンペイトリオット,メジャータイフーン,ダイワメジャー
2023105889,ルヴァンスレーヴ,ベリーフ,スペシャルウィーク
2023110082,Gun Runner(米),Miss Stormy D,Tapizar
2023106565,ミッキーアイル,メイショウルクール,エンパイアメーカーEmpire Maker(米)
2023102773,ロジャーバローズ,プリティホワイト,クロフネ
2023104448,デクラレーションオブウォー,プラージュ,スペシャルウィーク
2023107041,ダノンキングリー,ショウリュウムーン,キングカメハメハ
2023100823,スワーヴリチャード,アズレージョ,タートルボウルTurtle Bowl(愛)
2023107359,コントレイル,ロクセラーナ,キングカメハメハ
2023106899,ドレフォンDrefong(米),ヴィブロス,ディープインパクト
2023103166,インディチャンプ,ハイドラン,ローエングリン
2023106380,エピファネイア,ディメンシオン,ディープインパクト
2023101200,モーリス,フラワーバレイFlower Valley(米),ディスクリートキャットDiscreet Cat(米)
2023100217,モーリス,メープル,マンハッタンカフェ
2023101893,スワーヴリチャード,キスオンザグリーン,オルフェーヴル
2023103387,ロードカナロア,クイーンズリング,マンハッタンカフェ
2023106998,ワールドエース,コケレールCoquerelle(愛),Zamindar
2023105091,フィエールマン,サンヴィセンテ,ジャスタウェイ
2023101742,ディーマジェスティ,ホッコーエレノア,クロフネ
2023100275,リアルスティール,ヴォレダンルシエル,キングカメハメハ
2023100708,タワーオブロンドン,サラマンドラ,パイロPyro(米)
2023103606,エピファネイア,レッドルレーヴ,キングカメハメハ
2023100909,サートゥルナーリア,オーヴィレール,シンボリクリスエス
2023104667,インディチャンプ,エイシンキルデアA Shin Kildare(米),Kitten's Joy(米)
2023107287,ハービンジャーHarbinger(英),ライツェント,スペシャルウィーク
2023105380,エピファネイア,ホエールキャプチャ,クロフネ
2023102810,リアルスティール,ラハイナIILa Haina(智),Milt's Overture
2023105021,ポエティックフレアPoetic Flare(愛),フェルトベルク,ブラックタイド
2023106169,カリフォルニアクロームCalifornia Chrome(米),シャイニールミナス,ブラックタイド
2023106995,キタサンブラック,グローバルビューティGlobal Beauty(亜),Global Hunter
2023104413,キズナ,マドルガーダ,タートルボウルTurtle Bowl(愛)
2023103628,ジャスタウェイ,コマノサラサ,クロフネ
2023102948,キズナ,マーガレットメドウ,Distorted Humor(米)
2023106847,ナダルNadal(米),アラゴネーゼ,ゴールドアリュール
2023103893,キズナ,ストリートバンドStreet Band(米),Istan
2023105272,クリソベリル,エスメラルディーナ,Harlan's Holiday
2023105370,コントレイル,カレドニアロード,Quality Road
2023107141,Justify(米),ナイセストNicest(愛),American Pharoah(米)
2023106955,クリソベリル,カーミングエフェクトCalming Effect(米),War Front
2023107211,アルバート,プリームス,フジキセキ
2023105977,タイセイレジェンド,ブラウンキャビア,Kodiac
2023105291,クリソベリル,サリネロ,Uncle Mo(米)
2023104766,ルヴァンスレーヴ,ゴッドビラブドミー,ブライアンズタイムBrian's Time(米)
2023107384,ミスターメロディ,シュペトレーゼ,ディープインパクト
2023104858,ルヴァンスレーヴ,エイコーンウィル,キングカメハメハ
2022104647,サートゥルナーリア,インナーアージ,ディープインパクト
2022110125,Gun Runner(米),Nokaze,エンパイアメーカーEmpire Maker(米)
2022104738,ブリックスアンドモルタルBricks and Mortar(米),キープシークレット,ダイワメジャー
2022105557,ブリックスアンドモルタルBricks and Mortar(米),リバティハイツ,キングカメハメハ
2021105416,リアルインパクト,ウォークロニクル,ウォーエンブレムWar Emblem(米)
2022102305,Frankel,レッツゴードンキ,キングカメハメハ
2022106912,ビッグアーサー,ストームイメージ,ダンスインザダーク
2021100081,ゴールドシップ,ブーケドロゼブルー,ロージズインメイRoses in May(米)
2021104537,ワールドエース,クィーンズロード,Quality Road
2022103100,リオンディーズ,スールキートス,キングヘイロー
2022106647,キズナ,トップソリスト,War Front
2022104392,エピファネイア,ストライクルート,Smart Strike(加)
2021105141,キタサンブラック,デロングスター,ヴィクトワールピサ
2021103006,アニマルキングダムAnimal Kingdom(米),ヒルノマテーラ,マンハッタンカフェ
2022105633,シュヴァルグラン,ディープストーリー,ディープインパクト
2022104598,ハービンジャーHarbinger(英),アソルータ,ゼンノロブロイ
2022105290,ルーラーシップ,ガールズバンド,ディープインパクト
2020101323,ゼンノロブロイ,ウィンディガーデン,タニノギムレット
2021105418,ドゥラメンテ,ヴァシリカVasilika(米),Skipshot
2022100081,ゴールドシップ,マイネグロリアーナ,Rock Hard Ten
2021103177,シルバーステート,フェリーチェ,モンテロッソMonterosso(英)
2022102294,サートゥルナーリア,ジャジャウマガール,ハーツクライ
2022104661,バゴBago(仏),ウォークロニクル,ウォーエンブレムWar Emblem(米)
2022101043,レイデオロ,ベルライン,ダイワメジャー
2022102202,ダノンレジェンド,ストリーク,エイシンフラッシュ
2021100171,ロードカナロア,レキシールーLexie Lou(加),Sligo Bay
2022103188,カリフォルニアクロームCalifornia Chrome(米),メイショウグロッケ,メイショウサムソン
2022106011,ディーマジェスティ,クニコチャン,ゴールドアリュール
2021105736,モーリス,ブチコ,キングカメハメハ
2021105973,ドレフォンDrefong(米),ボクノナオミ,ゴールドアリュール
2022101016,ゴールドドリーム,ジュエルド,ストーミングホームStorming Home(英)
2022100321,コパノリッキー,ヴォルトファース,リアルインパクト
2020102881,パドトロワ,シンデレラロマンス,Elusive Quality
2021103809,ミュゼスルタン,ベルシエロ,ダイワメジャー
2021103268,ダノンレジェンド,メイショウコブシ,スペシャルウィーク
2022109038,マクフィMakfi(英),リキサンエルピーダ,ネオユニヴァース
2022103962,ダイワメジャー,ルリオン,キングカメハメハ
2022106123,カレンブラックヒル,ダームドゥラック,シンボリクリスエス
2022101241,アルアイン,ジレーネ,キングカメハメハ
2022103525,キタサンブラック,タニノジュレップ,コロナドズクエストCoronado's Quest(米)
2020106519,グランプリボス,モズフリムカナイデ,クロフネ
2021103171,エイシンヒカリ,タイキキララ,キングヘイロー
2021106237,サンダースノーThunder Snow(愛),ピーチドラフト,サクラバクシンオー
2018103473,カレンブラックヒル,アンローランサン,フサイチコンコルド
2021103862,ディスクリートキャットDiscreet Cat(米),サテラノサト,ディープブリランテ
2021106854,リオンディーズ,エバープリンセス,ハービンジャーHarbinger(英)
2021103020,レイデオロ,ラユロット,エンパイアメーカーEmpire Maker(米)
2020100061,ダノンレジェンド,ジュピターズビコー,Singspiel(愛)
2022106925,Justify(米),フリートバーティーFleet Bertie(米),Afleet Alex
2022106553,ヘニーヒューズHenny Hughes(米),スペシャルディナー,スペシャルウィーク
2020104136,スズカコーズウェイ,ファーストレディ,スマートボーイ
2020106565,ホッコータルマエ,ヒラボクビジン,ブライアンズタイムBrian's Time(米)
2019100630,キズナ,クイーンパイレーツ,キングカメハメハ
2022102117,モーニン,レイズアスマイル,ベーカバドBehkabad(仏)
2022100653,ミッキーアイル,ベイコート,ロードカナロア
2020103331,ジャスタウェイ,キラーグレイシスKiller Graces(米),Congaree
2019104245,エスポワールシチー,リサプシュケ,ワイルドラッシュWild Rush(米)
2020100912,キズナ,オールブランニュー,ノボジャック
2022100154,ホッコータルマエ,アクアブルーハート,エンパイアメーカーEmpire Maker(米)
2020104497,アジアエクスプレス,トゥルーロマンス,アグネスデジタル
2021105630,リアルスティール,ソーメニーウェイズSo Many Ways(米),Sightseeing
2022105979,アジアエクスプレス,メジロカトリーヌ,メジロライアン
2022103440,リオンディーズ,エスピナアスール,フジキセキ
2021103842,サトノダイヤモンド,ニホンピロヴィータ,スニッツェルSnitzel(豪)
2022106200,コパノリッキー,ミヤジヴィジェ,エンパイアメーカーEmpire Maker(米)
2022105321,ブリックスアンドモルタルBricks and Mortar(米),コンテスティッドContested(米),Ghostzapper
2021104151,ホッコータルマエ,プロテクトジアース,アフリートAfleet(加)
2022103307,ディスクリートキャットDiscreet Cat(米),ラブリーアリュール,ゴールドアリュール
2022100997,ホッコータルマエ,ジョーアラマート,キングヘイロー
2022100660,ロードカナロア,レディルージュ,ブライアンズタイムBrian's Time(米)
2022101396,フォーウィールドライブFour Wheel Drive(米),オークヴィル,タニノギムレット
2020106355,アドマイヤムーン,アリアプーラAria Pura(豪),Flying Spur
2022101082,ミスターメロディ,トゥルーストーリー,キンシャサノキセキ
2021102550,グレーターロンドン,メイショウルナ,スタチューオブリバティStatue of Liberty(米)
2022106189,モズアスコット,ヘイローフジ,キングヘイロー
2022100366,デクラレーションオブウォー,アワーアメリカンギャルOur American Gal(米),American Pharoah(米)
2022104611,エピファネイア,アドマイヤリード,ステイゴールド
2023106571,エスポワールシチー,メイショウクシナダ,アイルハヴアナザーI'll Have Another(米)
2023106556,フォーウィールドライブFour Wheel Drive(米),サンデーローズ,ブライアンズタイムBrian's Time(米)
2023103702,シルバーステート,チェルシークロイスターズChelsea Cloisters(米),First Samurai
2023100452,エスポワールシチー,ツクバエルドラド,El Corredor
2023107029,ドレフォンDrefong(米),シフォンカール,クロフネ
2023106359,タワーオブロンドン,オールアイキャンセイイズワウAllicansayis Wow(米),Street Cry(愛)
2023103226,サンダースノーThunder Snow(愛),エリーティアラ,ケイムホームCame Home(米)
2023106156,ベンバトルBenbatl(英),ファド,ダイワメジャー
2023102525,キセキ,イルドロール,ゴールドアリュール
2023100982,フォーウィールドライブFour Wheel Drive(米),アリエスムーン,アドマイヤムーン
2023103841,ЅЂЅыЅЂЅЄЅѓ,ЅоЅЪЅЈЅєЅЁ,ЅЏЅэЅеЅЭ
2023106207,リオンディーズ,スズカマドンナ,ディープインパクト
2023106702,ミッキーアイル,トスアップ,ジャスタウェイ
2023101421,ヘニーヒューズHenny Hughes(米),コーラルビュー,キングヘイロー
2023105592,ΞΏΞΙΞΝΞτΞΘΞΔΞΙΞΔΞλΞΟΞ·ΞΙMischevious Alex( Τ),ΞίΞΟΞ…ΞΖΞψΞΛΞΥΓΦ,Ξ¥ΓΦΞκΞ…ΞΔΞξΞεΓΦΞκ
2023100756,ディスクリートキャットDiscreet Cat(米),イサチルルンルン,パイロPyro(米)
2023105981,エタリオウ,ミスキララ,ファスリエフFasliyev(米)
2023105854,リオンディーズ,ウインオリアート,ステイゴールド
2023102008,リアルスティール,ルソンデュレーヴ,キングカメハメハ
2023102362,ウインブライト,イルジオーネ,ワークフォースWorkforce(英)
2023107051,キズナ,シークレットスパイスSecret Spice(米),ディスクリートキャットDiscreet Cat(米)
2023100812,クラウンレガーロ,マリノルシアーナ,エピファネイア
2023106285,コントレイル,フェアエレン,Street Cry(愛)
2023106811,マインドユアビスケッツMind Your Biscuits(米),マルーンエンブレム,オルフェーヴル
2023103465,トーセンラー,ダイワウィズミー,キングカメハメハ
2023103805,シスキンSiskin(米),パラレルキャリア,シンボリクリスエス
2023106898,エピファネイア,ヴィニー,ディープインパクト
2023100960,フィエールマン,プリヴェット,ルーラーシップ
2023103566,ブラックタイド,ミッドナイトフラッシュMidnight Flash(愛),Anabaa Blue
2023106903,レイデオロ,ヴィルデローゼ,エンパイアメーカーEmpire Maker(米)
2023102932,サトノダイヤモンド,ファインハッピー,Runhappy
2023104302,ルーラーシップ,トウカイメガミ,サンデーサイレンスSunday Silence(米)
2023102210,リオンディーズ,アイアムビューティ,ディープインパクト
2023104714,グレーターロンドン,ラヴィングウェイ,ヴィクトワールピサ
2023102989,フォーウィールドライブFour Wheel Drive(米),アビイロード,ストリートセンスStreet Sense(米)
2023100143,インディチャンプ,ルタンデスリーズ,サクラバクシンオー
2023105482,ブリックスアンドモルタルBricks and Mortar(米),トウカイレーヌ,ディープインパクト
2023103657,フィエールマン,ステファニーラン,スウェプトオーヴァーボードSwept Overboard(米)
2023101140,タワーオブロンドン,デザートチルDesert Chill(米),Red Ransom
2023103518,ベンバトルBenbatl(英),ファビュラスセンス,グラスワンダー
2023100089,セイウンコウセイ,ワタリラッシュ,アドマイヤマックス
2023102237,レイデオロ,マテンロウディーバ,ディープインパクト
2023101445,ミッキーアイル,インテリジェンス,ハービンジャーHarbinger(英)
2023101877,エイシンフラッシュ,キャッチミーアップ,ハーツクライ
2023100097,ダノンバラード,ヤマノアイリー,グラスワンダー
2023104317,ダイシンサンダー,タガノカピート,ケイムホームCame Home(米)
2023101185,タワーオブロンドン,ファストムーン,アドマイヤムーン
2023106758,シルバーステート,ローズテソーロ,ハーツクライ
2023106788,エスポワールシチー,アンティグラビティ,エンパイアメーカーEmpire Maker(米)
2023102354,ブリックスアンドモルタルBricks and Mortar(米),アナンジュパス,ディープインパクト
2023103016,タワーオブロンドン,アキノバレリーナ,ハーツクライ
2023106570,ミッキーアイル,メイショウタラチネ,メイショウボーラー
2023104603,レイデオロ,ウェストレー,オルフェーヴル
2023106020,エポカドーロ,チャリシー,ハービンジャーHarbinger(英)
2023105281,サートゥルナーリア,ギモーヴ,ハービンジャーHarbinger(英)
2023105596,タワーオブロンドン,スコッチリール,ジャスタウェイ
2023103771,ニューイヤーズデイ,グルファクシー,ハービンジャーHarbinger(英)
2023101579,ホッコータルマエ,テーオーパートナー,ヘニーヒューズHenny Hughes(米)
2023106979,クリソベリル,クルークハイト,クロフネ
2023101987,レーヴミストラル,ダンツスウィフト,ダイワメジャー
2023103240,マジェスティックウォリアーMajestic Warrior(米),スノードリーム,スウェプトオーヴァーボードSwept Overboard(米)
2023103598,ニューイヤーズデイ,レッドカチューシャ,ディープインパクト
2023104868,サートゥルナーリア,スマートルビー,ゼンノロブロイ
2023105005,Frosted(米),オーケストレイトOrchestrate(米),Tiznow
2023105862,ベンバトルBenbatl(英),ウインファビラス,ステイゴールド
2023100926,フィレンツェファイア,サンドスラッシュSandslash(愛),Holy Roman Emperor
2023106657,ウインブライト,アースヴィグラス,サウスヴィグラス
2023102386,ミッキーグローリー,タニノジュレップ,コロナドズクエストCoronado's Quest(米)
2023102739,モーリス,ラルシュドール,シンボリクリスエス
2023103379,ブリックスアンドモルタルBricks and Mortar(米),キスミーワンス,ネオユニヴァース
2023103545,サトノインプレッサ,ベガスナイト,コロナドズクエストCoronado's Quest(米)
2023103431,Zarak(仏),シーユーオールウェイズSee You Always(英),Siyouni
2023105893,ウインブライト,リゲイン,ショウナンカンプ
2023106180,ブラックタイド,ビジネスライク,カジノドライヴ
2023106822,フィエールマン,アイルビーバウンド,タニノギムレット
2023107349,サトノダイヤモンド,レディホークフィールドLady Hawkfield(愛),Hawk Wing
2023109090,シルバーステート,クエルクス,フジキセキ
2023101629,キタサンブラック,グランドクララ,Frankel
2023103551,ブリックスアンドモルタルBricks and Mortar(米),ホウオウマリリン,ダイワメジャー
2023104920,リオンリオン,アドマイヤルミナス,エピファネイア
2023105552,デクラレーションオブウォー,ロマンチックキス,ルーラーシップ
2023107136,ブリックスアンドモルタルBricks and Mortar(米),ドナアトラエンテ,ディープインパクト
2023101168,バゴBago(仏),ミッドサマーコモン,ディープインパクト
2023103776,エピファネイア,サトノガーネット,ディープインパクト
2023100615,レイデオロ,サピアウォーフ,クロフネ
2023106832,モーリス,アソルータ,ゼンノロブロイ
2023103549,サトノダイヤモンド,ベルスール,スウェプトオーヴァーボードSwept Overboard(米)
2023107292,エピファネイア,ラヴズオンリーユー,ディープインパクト
2023105726,フィエールマン,スサーナトウショウ,ロックオブジブラルタル
2023103767,トーセンラー,キトゥンズグレイス,Kitten's Joy(米)
2023104168,サトノジェネシス,ワールドツアラー,ウインクリューガー
2023106145,フィエールマン,カスタディーヴァ,High Chaparral(愛)
2023100395,ゴールドシップ,ミスムーンライトIIMiss Moonlight(独),Platini(独)
2023104451,ウインブライト,ルヴェソンヴェール,クロフネ
2021102458,マクフィMakfi(英),ラブリランテ,ディープブリランテ
2022100091,カリフォルニアクロームCalifornia Chrome(米),ジーニアル,キングカメハメハ
2021103451,ロゴタイプ,シャインパーミット,ファルブラヴFalbrav(愛)
2021104455,Constitution(米),ウェイトゥヴェルサイユWay to Versailles(米),Tizway(米)
2022104122,フォーウィールドライブFour Wheel Drive(米),キャルスカイ,ダイワメジャー
2022105748,ストロングリターン,プリンシパルハニー,ゴールドアリュール
2022105535,マインドユアビスケッツMind Your Biscuits(米),メープルリキュール,オルフェーヴル
2022104609,ニューイヤーズデイ,アドマイヤフッキー,フジキセキ
2022102492,ミスターメロディ,トーワクリステル,ディープインパクト
2022100046,オーヴァルエース,ペイシャバラード,ベーカバドBehkabad(仏)
2022104900,モーリス,チカリータ,クロフネ
2022104303,サンダースノーThunder Snow(愛),ナムラオツウ,ディープインパクト
2022106122,モーニン,スレドボ,コマンズCommands(豪)
2022101053,ロードカナロア,マリンフェスタ,サクラバクシンオー
2020101171,ミッキーアイル,ラガマフィン,ゼンノロブロイ
2020106205,メイショウボーラー,メイショウゴウヒメ,ジャングルポケット
2022106924,リアルスティール,フジミ,ロードカナロア
2022106259,マインドユアビスケッツMind Your Biscuits(米),エイシンピカデリー,Hard Spun(米)
2022104311,ホッコータルマエ,テツナゴオ,ハーツクライ
2022103229,ウォータービルド,トレースイスラ,サウスヴィグラス
2022102550,オルフェーヴル,メイショウバーズ,タニノギムレット
2022106785,マインドユアビスケッツMind Your Biscuits(米),ダンサーズブロンド,ゴールドアリュール
2019106972,フリオーソ,センスオブラヴ,ストリートセンスStreet Sense(米)
2022104222,ロジャーバローズ,ロスグラシアレス,シンボリクリスエス
2022102486,レインボーライン,オイシイナア,サムライハート
2022105739,キズナ,ワイWhy(愛),Galileo(愛)
2022106627,サートゥルナーリア,オールスマイル,エンパイアメーカーEmpire Maker(米)
2021106361,Nathaniel(愛),エブリナイスガール,Mizzen Mast
2021107123,グァンチャーレ,イイデメモリー,ゴールドアリュール
2021105677,サトノアラジン,トレジャーステイト,Oasis Dream(英)
2023100021,ダノンプレミアム,ハーフムーンII,Duke of Marmalade(愛)
2023103875,サトノアラジン,ブリスフルデイズ,キングカメハメハ
2023101569,アルアイン,キュアロージズ,ロージズインメイRoses in May(米)
2023103661,フィエールマン,ハーズシャドウ,オルフェーヴル
2023100207,リオンディーズ,フォトジェニック,Sinndar(愛)
2023106866,キセキ,イヴ,ダイワメジャー
2023104487,ダノンバラード,ビジュティエ,オルフェーヴル
2023100237,ヴァンゴッホ,マナローラ,ハーツクライ
2023106694,シルバーステート,サトノアスカ,Giant's Causeway(米)
2022100626,エピファネイア,キャトルフィーユ,ディープインパクト
2022100781,キズナ,エヴァイエ,ロードカナロア
2022105182,サトノダイヤモンド,ロザリンド,シンボリクリスエス
2022104187,シュヴァルグラン,リンターバルRinterval(愛),Desert Prince
2022103494,ゴールドシップ,ヴィーナスベルト,コンデュイットConduit(愛)
2022101400,モーリス,カーリンホークCurlin Hawk(米),Curlin(米)
2022102139,フィエールマン,ザッハトルテ,クロフネ
2022106761,スクリーンヒーロー,アメリオラシオン,ルーラーシップ
2021103154,シニスターミニスターSinister Minister(米),マノアラニ,アグネスタキオン
2021102200,エイシンフラッシュ,ブランシェール,ディープインパクト
2022103047,ドレフォンDrefong(米),アグネスダリム,ゴールドアリュール
2022103778,マインドユアビスケッツMind Your Biscuits(米),フィーリンググー,セイントアレックス
2022105201,トーセンラー,アイアムルビー,Saint Liam
2021105229,キズナ,ベストロケーション,クロフネ
2019101330,アイファーソング,レディワシントン,Vindication
2021105849,ニューイヤーズデイ,ラーゴブルー,ハーツクライ
2022105141,スワーヴリチャード,リリレフア,ロードカナロア
2021110062,Liam's Map,Cara Bella,Ghostzapper
2021104395,カリフォルニアクロームCalifornia Chrome(米),エテルナミノル,エンパイアメーカーEmpire Maker(米)
2021107212,タリスマニックTalismanic(英),アドマイヤトパーズ,アドマイヤベガ
2021105604,ロードカナロア,スクールミストレスSchoolmistress(亜),Equal Stripes
2022105443,マインドユアビスケッツMind Your Biscuits(米),ハラペーニョペパー,ゼンノロブロイ
2021101431,ラブリーデイ,フィリス,アフリートAfleet(加)
2022101683,モーリス,ブルーストーン,コマンズCommands(豪)
2021101414,ダイワメジャー,タミーンTameen(英),Shirocco
2022103991,ドゥラメンテ,トゥアーニーTourny(仏),Country Reel
2022100075,シルバーステート,パシュート,キングヘイロー
2022101103,モズアスコット,シャドウライフ,サクラバクシンオー
2022102770,タワーオブロンドン,アニムス,ゴールドアリュール
2020102767,ドレフォンDrefong(米),ウィズエモーション,クロフネ
2020104732,ディーマジェスティ,ハルダヨリ,ファルブラヴFalbrav(愛)
2022107258,サンダースノーThunder Snow(愛),ラブカンプー,ショウナンカンプ
2022106835,ビッグアーサー,カゼノサファイア,スパイキュール
2022102878,フィエールマン,シエルクレール,ダイワメジャー
2022106065,ゴールドアクター,ローズヘイロー,キングヘイロー
2022100357,ビッグアーサー,トワエモア,エンパイアメーカーEmpire Maker(米)
2022103214,モーリス,サトノコメット,ダイワメジャー
2021106586,アドマイヤムーン,ラブカーナ,オースOath(愛)
2022104593,ビッグアーサー,アグレアーブル,マンハッタンカフェ
2023100463,リアルスティール,ブラウローゼン,ロードカナロア
2023103024,ルヴァンスレーヴ,スターインパルス,サウスヴィグラス
2023101702,コントレイル,アントハッティーAunt Hattie(愛),Camelot(英)
2023104273,トランセンド,オトリコミチュウ,ブラックタイド
2023104274,ロージズインメイRoses in May(米),カメチャン,タートルボウルTurtle Bowl(愛)
2023106587,マジェスティックウォリアーMajestic Warrior(米),オルレアンノオトメ,チーフベアハートChief Bearhart(加)
2023105555,ルヴァンスレーヴ,シネマソングス,ハーツクライ
2023102247,ゴールドシップ,ランドネ,Blame
2023100850,カリフォルニアクロームCalifornia Chrome(米),フクノドリーム,ヨハネスブルグJohannesburg(米)
2023104265,エイシンフラッシュ,サツキユニヴァース,ネオユニヴァース
2023103020,クリソベリル,キャスノワゼット,ロードカナロア
2023105410,シスキンSiskin(米),ロックマイハートRock My Heart(独),Sholokhov
2023100955,モーリス,バートラムガーデン,サクラバクシンオー
2023104203,フィレンツェファイア,エリンアクトレス,スクリーンヒーロー
2023102841,ヘニーヒューズHenny Hughes(米),キャラメライズ,キングカメハメハ
2023105866,ベンバトルBenbatl(英),ウインポプリ,アイルハヴアナザーI'll Have Another(米)
2023103149,ミッキーロケット,マーケットレイズン,フサイチリシャール
2023100595,カリフォルニアクロームCalifornia Chrome(米),ピュアココロ,ハーツクライ
2023104140,グレーターロンドン,セイカハルカゼ,グラスワンダー
2023102812,Sottsass(仏),アルマダニヤーAlmadaniyah(英),Awtaad
2023102328,アメリカンペイトリオット,ウエスタンベッラ,ハーツクライ
2023102444,アメリカンペイトリオット,アートオブダンサー,サウスヴィグラス
2023100828,デクラレーションオブウォー,ダイワストリーム,ダイワメジャー
2023101910,ゴールドシップ,ドゥモワゼル,ショウナンカンプ
2023101801,ローレルゲレイロ,ダイユウドナテラ,クロフネ
2023102803,エピファネイア,トゥアーニーTourny(仏),Country Reel
2023107505,サンダースノーThunder Snow(愛),スウィフティー,ダイワメジャー
2023104290,アルアイン,レッドアシェット,ダイワメジャー
2023110029,Maclean's Music,Bazinga Baby,Afleet Alex
2023101929,マクフィMakfi(英),オクシペタルム,シンボリクリスエス
2023101814,ビーチパトロールBeach Patrol(米),アオイサンシャイン,ダイワメジャー
2023106958,クリソベリル,ガートルード,ジャングルポケット
2023105870,ゴールドドリーム,ウインメディウム,ヘニーヒューズHenny Hughes(米)
2023103801,シスキンSiskin(米),デュアルネイチャー,ゴールドシップ
2023110068,Constitution(米),Stave,Ghostzapper
2023106198,インカンテーション,パワポケエリ,ローエングリン
2023109056,タリスマニックTalismanic(英),ゴールドマリキヤ,ゴールドアリュール
2023100303,リアルスティール,ボヘミアンシュバル,マジェスティックウォリアーMajestic Warrior(米)
2023105413,ゴールドドリーム,ブルーチッパー,ボーナスフィーバー
2023100770,レッドファルクス,チェス,フリオーソ
2023106755,ロゴタイプ,ライトファンタスティックLight Fantastic(英),Acclamation
2023106262,ハービンジャーHarbinger(英),ニシノアモーレ,コンデュイットConduit(愛)
2023103500,キズナ,ハーレムライン,マンハッタンカフェ
2023107360,アドマイヤマーズ,ロサグラウカ,ルーラーシップ
2023107340,エピファネイア,レッドファンタジア,Unbridled's Song(米)
2023105449,ガルボ,アドリアーネ,アグネスデジタル
2023102166,アニマルキングダムAnimal Kingdom(米),レディバゴ,バゴBago(仏)
2023103754,キタサンブラック,インフレキシビリティInflexibility(加),Scat Daddy(米)
2023105723,ミッキーアイル,リボンティアラ,アドマイヤムーン
2023106430,ダノンバラード,ヴォカツィオーネ,カジノドライヴ
2023100127,ゴールドシップ,タケショウベスト,キングズベストKing's Best(米)
2023101366,レッドファルクス,デルマトモエゴゼン,キングカメハメハ
2023104382,デクラレーションオブウォー,オールスマイル,エンパイアメーカーEmpire Maker(米)
2023105575,ワールドプレミア,シングフォーホープ,アジアエクスプレス
2023102109,サートゥルナーリア,アスティル,ステイゴールド
2023101886,ルーラーシップ,ハートオブスワロー,ハーツクライ
2023100783,アドミラブル,ラレンヌ,ルールオブローRule of Law(米)
2023103476,ブリックスアンドモルタルBricks and Mortar(米),テラノヴァ,ヴィクトワールピサ
2023105356,Twirling Candy,タフイルマTough Irma(米),Stormy Atlantic
2023105317,アドマイヤマーズ,パーリーアヴェニューPearly Avenue(英),Anabaa
2023106478,ウインブライト,マイネデセール,マイネルラヴ
2023106197,ビーチパトロールBeach Patrol(米),フレンドパリ,アグネスデジタル
2023101558,エイシンフラッシュ,ブランシェール,ディープインパクト
2023105553,アドマイヤムーン,ヴァレリカVallericca(米),Dynaformer
2023102281,タリスマニックTalismanic(英),ヴァンドゥーズ,アドマイヤムーン
2023106883,エピファネイア,イーデンキーEden Quay(愛),No Nay Never
2023103078,シルバーステート,エンチャンティングキトゥンEnchanting Kitten(米),Kitten's Joy(米)
2023106163,アポロケンタッキー,アポロユッキー,アポロキングダム
2023103142,ミスチヴィアスアレックスMischevious Alex(米),ノルウェーノモリ,ディープスカイ
2023103013,リアルスティール,ブラッディムーン,アドマイヤムーン
2023105771,ルヴァンスレーヴ,ショウナンカサロ,キングカメハメハ
2023107158,クリソベリル,パリスビキニParis Bikini(米),Bernardini(米)
2023107171,サトノダイヤモンド,ピースエンブレム,ウォーエンブレムWar Emblem(米)
2023101114,デクラレーションオブウォー,オムニプレゼンス,ディープインパクト
2022106243,モーニン,ゴーゴーサンデー,キングカメハメハ
2021106724,サトノアラジン,クエストフォーワンダーQuest For Wonder(英),マクフィMakfi(英)
2022105909,フリオーソ,アースヴィグラス,サウスヴィグラス
2020104936,ドレフォンDrefong(米),ビーチパラソル,ダイワメジャー
2021103918,マルターズアポジー,メルティーキス,ブライアンズタイムBrian's Time(米)
2022102508,ダノンレジェンド,ショウナンダズル,シャンハイボビーShanghai Bobby(米)
2022100582,エスポワールシチー,シャプレドサクレ,タートルボウルTurtle Bowl(愛)
2021109016,ゴールデンバローズ,ティヤム,サンカルロ
2022102819,シャンハイボビーShanghai Bobby(米),シトリカ,ヨハネスブルグJohannesburg(米)
2022103577,ジャスタウェイ,ラズールリッキー,スタチューオブリバティStatue of Liberty(米)
2021102798,エピカリス,ピーエムルッカ,キンシャサノキセキ
2020100555,ホッコータルマエ,トモトモリバー,ブラックタイド
2022101826,スマートオーディン,スマートキャンディ,Candy Ride
2022102039,ヘニーヒューズHenny Hughes(米),プレトリアン,キングヘイロー
2021100711,ニューイヤーズデイ,カーディナルコーヴCardinal Cove(米),Leroidesanimaux
2022103232,ドゥラメンテ,バスラットアマル,New Approach
2022102722,ドゥラメンテ,アイリスフィール,ハービンジャーHarbinger(英)
2021100162,ロードカナロア,ブリュネット,ダイワメジャー
2022101716,サトノダイヤモンド,アヴァール,キングカメハメハ
2022105803,ナダルNadal(米),スアデラ,ゴールドアリュール
2020106491,ホッコータルマエ,メイショウキラリ,マンハッタンカフェ
2022100028,ゴールドドリーム,マダムチェロキー,Cherokee Run
2022102738,リアルスティール,テイコフトウショウ,タイキシャトル
2022105844,ドレフォンDrefong(米),プリマレジェンド,ヴィクトワールピサ
2022103518,ブリックスアンドモルタルBricks and Mortar(米),シルヴァーコード,スウェプトオーヴァーボードSwept Overboard(米)
2022105442,ラブリーデイ,ハブルバブル,ディープインパクト
2022105002,サートゥルナーリア,フローレスマジック,ディープインパクト
2021103533,エピファネイア,フサイチジェット,Gilded Time
2020100446,ゴールドシップ,カワカミサクラKawakami Sakura(愛),Danehill Dancer(愛)
2022106667,キンシャサノキセキ,レリカリオ,Malibu Moon
2022104855,エピファネイア,ステファニーズキトゥンStephanie's Kitten(米),Kitten's Joy(米)
2020102803,ダイワメジャー,オヴァンボクイーンOvambo Queen(独),Kalatos
2022105030,サトノアラジン,プンタステラPunta Stella(愛),Elusive City
2021106826,ダノンバラード,マイネリベルタス,コンデュイットConduit(愛)
2020103228,ルーラーシップ,アンソロジー,サクラバクシンオー
2021103878,スクリーンヒーロー,グローバルフェイム,クロフネ
2021106642,ワンアンドオンリー,ハーモニー,Street Cry(愛)
2019101975,ミッキーアイル,ナムラヒラリー,クロフネ
2020106557,ロードカナロア,ドリームオブジェニーDream of Genie(仏),Pivotal
2020110105,Speightstown(米),Trini Brewnette,Milwaukee Brew
2022105244,リオンディーズ,ヴェルメンティーノ,ダイワメジャー
2021110069,American Pharoah(米),Pretty Girl,Harlan's Holiday
2019101759,ラニ,スイートマルセル,ワイルドラッシュWild Rush(米)
2020103876,サトノダイヤモンド,エリモフェザー,シニスターミニスターSinister Minister(米)
2022102493,マクフィMakfi(英),フィメールモナーク,ルーラーシップ
2021110104,Take Charge Indy(米),Lighthouse Bay,Speightstown(米)
2022104972,ミッキーアイル,ビバリーヒルズ,スニッツェルSnitzel(豪)
2019105761,ジョーカプチーノ,ジェルヴェーズ,メイショウサムソン
2020106062,カレンブラックヒル,ゴッドカリビアン,ベーカバドBehkabad(仏)
2020101707,シニスターミニスターSinister Minister(米),スマートレグルス,ロードカナロア
2020110062,War Front,Elizabeth Browning,Galileo(愛)
2021105608,アルアイン,スネガエクスプレス,ウォーエンブレムWar Emblem(米)
2023107089,ワールドプレミア,ソングライティング,Giant's Causeway(米)
2023103604,ポエティックフレアPoetic Flare(愛),レッドミラベル,ステイゴールド
2023103687,シスキンSiskin(米),クライリング,ハーツクライ
2023106400,リオンディーズ,ハニートリップ,マンハッタンカフェ
2023107345,フィエールマン,レディアンジェラLady Angela(愛),Dark Angel
2023101449,リアルスティール,サウンドルチア,スクリーンヒーロー
2023105456,スワーヴリチャード,シンバルIICymbal(愛),Singspiel(愛)
2023105560,ベンバトルBenbatl(英),ナスノフォルテ,ジャスタウェイ
2023100724,グレーターロンドン,メメクザリアーナ,ジャングルポケット
2023100946,エピファネイア,デザートライドDesert Ride(加),Candy Ride
2023107247,キタサンブラック,マンビアMambia(英),アルデバランIIAldebaran(米)
2023106850,モーリス,アルミレーナ,ディープインパクト
2023107153,サートゥルナーリア,バラーディスト,ハーツクライ
2023107377,キズナ,アールブリュット,マクフィMakfi(英)
2023105311,リアルスティール,デイトライン,Zoffany
2023106978,ロードカナロア,クルミネイト,ディープインパクト
2023105818,キズナ,プレミアムギフト,オルフェーヴル
2023103480,イスラボニータ,デジマノハナ,スクリーンヒーロー
2021105155,ゴールドシップ,ノッテビアンカNotte Bianca(仏),Kendargent
2020109027,シルバーステート,ヴルタヴァ,ロードカナロア
2021105072,モーリス,ジプシーハイウェイGypsy Highway(愛),High Chaparral(愛)
2021106993,Saxon Warrior(安平町),ナイトドライヴNight Drive(愛),Dark Angel
2021106816,ブリックスアンドモルタルBricks and Mortar(米),マイネカンナ,アグネスタキオン
2021105066,ジャスタウェイ,ショーコShoko(英),Efisio
2022110040,Kingman(英),ファハンムーラ,English Channel
2021103976,アメリカンペイトリオット,ペブルガーデン,ディープインパクト
2021101724,サトノダイヤモンド,ガジュマル,ヴィクトワールピサ
2021105453,ラブリーデイ,オーキッドレイ,ディープインパクト
2020105217,エピファネイア,ピエナビーナス,フジキセキ
2020103111,オルフェーヴル,レッドカーラ,マンハッタンカフェ
2022105801,サートゥルナーリア,ショウナンパンドラ,ディープインパクト
2020106966,ダノンバラード,オーミチェリッシュ,キャプテンスティーヴCaptain Steve(米)
2022105827,ハービンジャーHarbinger(英),パドゥヴァルス,エピファネイア
2021100225,リアルスティール,シーソルティキッス,キングカメハメハ
2018104881,ハーツクライ,アガルタ,キングカメハメハ
2020103947,ドゥラメンテ,メリッサ,ホワイトマズルWhite Muzzle(英)
2023105638,レイデオロ,コンシダレイト,Dansili
2023100900,Justify(米),アモータゼイションAmortization(愛),Kingman(英)
2023105001,アメリカンペイトリオット,エリカバイラ,ブラックタイド
2023100902,ダノンスマッシュ,アルバリズム,ダイワメジャー
2023104376,キズナ,ヴィーゲンリート,Tiznow
2023101721,ホッコータルマエ,ジェッシージェニー,ストロングリターン
2023102061,ヴァンゴッホ,メイショウナデシコ,ヘニーヒューズHenny Hughes(米)
2023101412,ロジャーバローズ,クリノリトミシュル,アグネスデジタル
2023100340,サトノダイヤモンド,アイギーナ,エンパイアメーカーEmpire Maker(米)
2023100471,クリソベリル,ワイルドフェイス,ワイルドラッシュWild Rush(米)
2023102452,キタサンブラック,アルズギャルAl's Gal(米),English Channel
2023101735,キズナ,ノースパストラル,キングヘイロー
2023106563,リオンディーズ,メイショウカズヒメ,フレンチデピュティFrench Deputy(米)
2023101356,サトノダイヤモンド,ペプチドプラム,ロードカナロア
2023103192,ブリックスアンドモルタルBricks and Mortar(米),バードオンアスク,マンハッタンカフェ
2023106181,キタノコマンドール,ファイナルドリーム,Frankel
2023102376,ベンバトルBenbatl(英),シュヴァリエ,フレンチデピュティFrench Deputy(米)
2023105647,キタサンブラック,プリオバーンPriomhbhean(愛),Galileo(愛)
2023103367,ゴールドシップ,カトマンブルーKathmanblu(米),Bluegrass Cat
2023105804,エピファネイア,スピニングワイルドキャットSpinning Wildcat(米),Hard Spun(米)
2023106148,コントレイル,クロコスミア,ステイゴールド
2023102221,ハービンジャーHarbinger(英),サトノコメット,ダイワメジャー
2023107197,アドマイヤマーズ,ブルークランズ,ルーラーシップ
2023104882,サートゥルナーリア,ココロノアイ,ステイゴールド
2023100986,マテラスカイ,センターグランタス,アグネスタキオン
2023107336,エピファネイア,レッドオルガ,ディープインパクト
2023103910,ナダルNadal(米),リトルダーリン,ディープインパクト
2023100351,アルアイン,スワンレーク,ロードカナロア
2023104695,ルーラーシップ,スプリングノート,シンボリクリスエス
2023104947,キタサンブラック,シラバリーSyllabary(英),Street Cry(愛)
2023102863,ダノンキングリー,アシュレイリバー,Mr. Greeley
2023105731,ゴールドシップ,モズフリムカナイデ,クロフネ
2023103213,ダノンスマッシュ,ラブフール,ゼンノロブロイ
2023103808,ナダルNadal(米),ピースバーグ,Sageburg
2023104888,シャンハイボビーShanghai Bobby(米),ブラジリアンビューティBrazilian Beauty(英),Galileo(愛)
2023102993,キセキ,ニホンピロオーロラ,マンハッタンカフェ
2023105738,モズアスコット,グランプリエンゼル,アグネスデジタル
2023104377,モーリス,ヴェルディアーナ,Perfect Soul
2023107374,スワーヴリチャード,アーマインErmine(米),Exchange Rate
2023100430,ホッコータルマエ,セラフィーヌ,ネオユニヴァース
2023107472,アメリカンペイトリオット,モエレサンタマリア,ゴールドヘイロー
2023104905,ダノンプレミアム,ダークマレイン,サブミーカー
2023102768,スマートオーディン,スマートモニカ,ファルブラヴFalbrav(愛)
2023103896,ドレフォンDrefong(米),デリケートアーチ,アフリートAfleet(加)
2023103295,シャンハイボビーShanghai Bobby(米),マチュアードMatured(英),Manduro(独)
2023102639,サトノダイヤモンド,オーバービューOverview(英),Frankel
2023104473,ミッキーアイル,エクロジオン,エンパイアメーカーEmpire Maker(米)
2023105519,エイシンフラッシュ,エーシンパナギア,エイシンサンディ
2018102917,ゴールドシップ,アルデグロリア,アルデバランIIAldebaran(米)
2021105501,ハーツクライ,クリスプCrisp(米),El Corredor
2022106684,オルフェーヴル,ザデイ,シンボリクリスエス
2019101351,ロゴタイプ,ユキアカリノマチ,キングカメハメハ
2019103634,ケープブランコCape Blanco(英),アニムス,ゴールドアリュール
2022103884,メイショウボーラー,コウユーヒカリママ,ロックオブジブラルタル
2018103603,ネオユニヴァース,ファシネイト,キングカメハメハ
2019100577,マジェスティックウォリアーMajestic Warrior(米),セイユウヴィーナス,ハーツクライ
2021102654,マジェスティックウォリアーMajestic Warrior(米),ブラウンテヌート,シンボリクリスエス
2020102956,マインドユアビスケッツMind Your Biscuits(米),デザートオブムーン,ゼンノロブロイ
2017105634,ハーツクライ,レツィーナ,キャプテンスティーヴCaptain Steve(米)
2019103719,グランプリボス,モズラコルタ,ヴィクトワールピサ
2018106571,ホッコータルマエ,シニスタークイーン,シニスターミニスターSinister Minister(米)
2022102708,オルフェーヴル,ニシノミラクル,スペシャルウィーク
2023103470,ダノンスマッシュ,ダノンジャンヌ,ディープインパクト
2023102950,サトノクラウン,ミエノサクシード,ステイゴールド
2023105573,エピファネイア,アドマイヤパンドラ,ディープインパクト
2023102765,サトノダイヤモンド,スマートシモーヌ,ドリームジャーニー
2023107221,ドレフォンDrefong(米),ベルディーヴァ,ダイワメジャー
2023101891,キズナ,カリンカ,キングカメハメハ
2023104008,キズナ,シャッセロール,クロフネ
2023105851,ゴールドシップ,イクスキューズ,ボストンハーバーBoston Harbor(米)
2023100669,リオンディーズ,サトノルミナス,ディープインパクト
2023104289,ファインニードル,マンノアクトレス,ハーツクライ
2023103411,シルバーステート,サボールアトリウンフォSabor a Triunfo(智),Dance Brightly
2023106361,ハービンジャーHarbinger(英),ゲットイクスプリシットGet Explicit(米),Get Stormy
2023104921,キタノコマンドール,アミスターミノル,サウスヴィグラス
2023103625,Speightstown(米),ジェイビマロルカJ Be Mallorca(亜),J Be K
2023104798,ベストウォーリア,スティルネス,ゴールドヘイロー
2023104044,シルバーステート,ウインアンジェラス,Bertolini
2023101810,ルヴァンスレーヴ,キティ,Northern Afleet
2023106968,シスキンSiskin(米),ギーニョ,サンデーサイレンスSunday Silence(米)
2023105616,テーオーヘリオス,テーオーブルベリー,カジノドライヴ
2023106141,サンダースノーThunder Snow(愛),アロンザモナ,ストリートセンスStreet Sense(米)
2023105806,ダノンプレミアム,ゼストZest(米),Tapit(米)
2023104050,シャンハイボビーShanghai Bobby(米),クーファエラン,オルフェーヴル
2023103862,ルヴァンスレーヴ,ファニーフラッシュ,ゴールドアリュール
2023106228,ジョーカプチーノ,ナムラテンゲル,トゥザグローリー
2023107534,Speightstown(米),Smuggler's Moon,Gun Runner(米)
2023106208,スズカコーズウェイ,スズカローラー,スズカマンボ
2023104886,ロードカナロア,ティズウインディTiz Windy(米),Tiznow
2023110008,Mendelssohn,Pioneer Queen,Pioneerof the Nile
2023105847,Night of Thunder(愛),シヴォリエール,Sea The StarsSea the Stars(愛)
2023100933,エピファネイア,ジェニサGenisa(米),Storm Cat(米)
2023103782,イスラボニータ,サーティーンスクエアド,Liaison
2023105011,ダノンキングリー,サラーバSaraaba(愛),New Approach
2023105767,タワーオブロンドン,クインズセージ,ディープブリランテ
2023106614,モーリス,ペイフォワード,ディープインパクト
2023106785,イスラボニータ,プレシャスガール,Speightstown(米)
2023103243,シルバーステート,ダーリングバードDarling Bird(米),Birdstone
2022104267,ルヴァンスレーヴ,ビヴァレッジクイーン,Indygo Shiner
2022103227,エピファネイア,ダーヌビウス,キングカメハメハ
2022105848,ナダルNadal(米),ボールドアテンプト,ゴールドアリュール
2021104872,マインドユアビスケッツMind Your Biscuits(米),スカーレル,ゴールドアリュール
2022107325,ルヴァンスレーヴ,マザーズウィッシュ,タイキシャトル
2019104261,ホッコータルマエ,メイショウワゴコロ,マンハッタンカフェ
2021101391,ブラックタイド,ココ,ロージズインメイRoses in May(米)
2022107248,シルバーステート,スプレンダー,ファンタスティックライトFantastic Light(米)
2022104403,ニューイヤーズデイ,パラーティウム,マンハッタンカフェ
2022102906,パイロPyro(米),ヒラボクビジン,ブライアンズタイムBrian's Time(米)
2022102839,マジェスティックウォリアーMajestic Warrior(米),サーリセルカ,ウォーエンブレムWar Emblem(米)
2020106475,ゴールドシップ,マイネランデブー,アグネスデジタル
2022105438,ドゥラメンテ,ノーブルカリナン,ディープインパクト
2021105102,ブリックスアンドモルタルBricks and Mortar(米),ソウルスターリング,Frankel
2019100606,ディープインパクト,ヤマニンプードレ,チチカステナンゴChichicastenango(仏)
2021105459,ブリックスアンドモルタルBricks and Mortar(米),オーマイベイビー,ディープインパクト
2021100597,シュヴァルグラン,ブルーインザスカイ,チチカステナンゴChichicastenango(仏)
2019101007,エイシンフラッシュ,エアルシアン,ジャングルポケット
2021102597,エピファネイア,ティーエスベリー,New Approach
2021103821,ファインニードル,エステフEstephe(愛),Sadler's Wells(米)
2017104681,オルフェーヴル,エアトゥーレ,トニービンTony Bin(愛)
2022107278,サンダースノーThunder Snow(愛),ゼットガガ,バゴBago(仏)
2022106689,ドレフォンDrefong(米),ホウライマツリ,エンパイアメーカーEmpire Maker(米)
2021102718,リアルスティール,スウィングダンス,クロフネ
2020107082,Speightstown(米),ケンジントンIIKensington(米),Kitten's Joy(米)
2020109094,ダイワメジャー,フリスコベイ,Hard Spun(米)
2018101989,ディスクリートキャットDiscreet Cat(米),ジョディーズロマン,サムライハート
2021110057,City of Light(米),Race to Urga,Bernstein
2020105415,カレンブラックヒル,ジャムトウショウ,デザートキングDesert King(愛)
2022104004,ディーマジェスティ,ウォータームージカ,フレンチデピュティFrench Deputy(米)
2020103670,ダイワメジャー,ラッドルチェンド,Danehill Dancer(愛)
2021103711,カリフォルニアクロームCalifornia Chrome(米),イチリュウ,キングヘイロー
2021103312,ロードカナロア,フェリス,ジャングルポケット
2021105039,レッドファルクス,ゴルトキルシェ,ステイゴールド
2020103428,ディープインパクト,スイープトウショウ,エンドスウィープEnd Sweep(米)
2020105305,サトノダイヤモンド,ランウェイ,キングカメハメハ
2022104145,ロードカナロア,トレンドハンター,マンハッタンカフェ
2021105011,キズナ,キャンディネバダCandy Nevada(亜),Pure Prize
2022106306,スマートオーディン,オーガストウェイ,アグネスタキオン
2022105783,ニューイヤーズデイ,グランデアモーレ,ネオユニヴァース
2021100363,スワーヴリチャード,ストロベリーズ,コマンズCommands(豪)
2022102391,リアルスティール,アトラクティヴ,スクリーンヒーロー
2022103754,キズナ,チェロキーメイドンCherokee Maiden(米),Distorted Humor(米)
2022103245,エピファネイア,ミッキーチャーム,ディープインパクト
2020103246,ブラックタイド,ウィンターコスモス,キングカメハメハ
2022105058,ルヴァンスレーヴ,マトリョーシカ,クロフネ
2020104791,シャンハイボビーShanghai Bobby(米),トレノトマト,デヒアDehere(米)
2022104292,ルヴァンスレーヴ,デュアルウィールド,アイルハヴアナザーI'll Have Another(米)
2022104970,サートゥルナーリア,ビッグワールドBig World(米),Custom for Carlos
2022103515,マインドユアビスケッツMind Your Biscuits(米),シグルーン,アイルハヴアナザーI'll Have Another(米)
2021104581,カリフォルニアクロームCalifornia Chrome(米),プレシャスジェムズ,シンボリクリスエス
2022101457,リオンディーズ,マーメイドティアラ,シンボリクリスエス
2022103753,ドレフォンDrefong(米),タイニーダンサー,サウスヴィグラス
2022106851,ルヴァンスレーヴ,カヒリ,キングカメハメハ
2023101827,マテラスカイ,ヨドノプルメリア,アンライバルド
2023104539,クリソベリル,ウィットウォーター,ヨハネスブルグJohannesburg(米)
2023107539,Blame,Tizdaria,Tiznow
2023104669,ミスターメロディ,キタサンテンビー,ダイワメジャー
2023104665,ベストウォーリア,マルティプライ,Fusaichi Pegasus
2023101660,タワーオブロンドン,オトヒメIIOtohime(愛),Pivotal
2023104392,ヴァンゴッホ,シャンパンルージュ,ファスリエフFasliyev(米)
2023102427,モズアスコット,ヤマトサクラコ,ディープインパクト
2023106782,モズアスコット,ゴールドゲッコー,クロフネ
2023104607,ホッコータルマエ,カウントオンミー,バブルガムフェロー
2023104561,ブルドッグボス,サクセスセレーネ,ディープインパクト
2023104810,マテラスカイ,ミスティレイン,タニノギムレット
2023107544,Frosted(米),Shared Empire,Pioneerof the Nile
2023102757,マジェスティックウォリアーMajestic Warrior(米),クインズカトレア,エスポワールシチー
2023101662,リアルスティール,ミヤコノユメ,ロードカナロア
2023104704,セイウンコウセイ,ニシノブルームーン,タニノギムレット
2023102641,ホッコータルマエ,ティープラズマ,エンパイアメーカーEmpire Maker(米)
2023105295,サートゥルナーリア,シーウィルレインShe Will Reign(豪),Manhattan Rain
2023103570,ニューイヤーズデイ,メイクハッピー,Square Eddie
2023104632,リオンディーズ,ベーリーオクルス,キズナ
2023103991,オルフェーヴル,グラントリノ,グランデラGrandera(愛)
2023103469,キズナ,ダイワレジェンド,キングカメハメハ
2023103533,ダノンキングリー,プライマリーコード,クロフネ
2023101443,リオンディーズ,アリストライン,ハーツクライ
2023104247,サンダースノーThunder Snow(愛),スクウェアセイル,トゥザワールド
2023106706,ダノンスマッシュ,スターコレクション,アグネスタキオン
2023101790,ダノンレジェンド,ハートサングラス,モーリス
2023105130,イスラボニータ,スイートウィスパー,ルーラーシップ
2023103905,リオンディーズ,メジロシャレード,マンハッタンカフェ
2023102137,カレンブラックヒル,スズノミライ,バトルプランBattle Plan(米)
2023100081,モーニン,フジノドラマ,フォーティナイナーズサンFourty Niners Son(米)
2023107007,アドマイヤマーズ,ゴールドエッセンス,キングカメハメハ
2023102128,オルフェーヴル,マコトブリジャール,ストーミングホームStorming Home(英)
2023106146,フィエールマン,カラミンサ,ルーラーシップ
2023106007,キタサンブラック,スマートレグルス,ロードカナロア
2023107035,アルアイン,シャンブルドット,Lope de Vega
2023105860,ベンバトルBenbatl(英),ウインゼノビア,スクリーンヒーロー
2023105119,サトノクラウン,サンティエ,ステイゴールド
2023103155,フィエールマン,キントラKintra(米),Kingman(英)
2023106489,ゴールドシップ,ポンポンルージュ,Kitten's Joy(米)
2023106106,ЅьЅЄЅЧЅЊЅэ,ЅжЅыЅьЅИЁМЅЪ,ЅЯЁМЅФЅЏЅщЅЄ
2023103415,ポエティックフレアPoetic Flare(愛),サンシャイン,ハーツクライ
2023105282,モーリス,クイーンズキトゥン,ディープインパクト
2023105649,レイデオロ,メリートーン,クロフネ
2023106722,シルバーステート,マダムシャルル,ドゥラメンテ
2023103051,シルバーステート,スティルウォーター,キングカメハメハ
2023105712,エイシンフラッシュ,ヨッテウタッテ,オレハマッテルゼ
2023107086,リアルスティール,セルキスSelkis(独),Monsun
2023106573,フリオーソ,クールマジョリック,エンパイアメーカーEmpire Maker(米)
2023107245,ドレフォンDrefong(米),マルシュロレーヌ,オルフェーヴル
2023100925,ロードカナロア,サトノワルキューレ,ディープインパクト
2023101091,ルヴァンスレーヴ,ストリートキャット,アドマイヤムーン
2023103190,サートゥルナーリア,トレノエンジェル,タイキシャトル
2023102964,リオンディーズ,ロイヤルヴォルト,ディープインパクト
2023106686,サンダースノーThunder Snow(愛),アスールダリア,エスポワールシチー
2023105187,パイロPyro(米),フィアマロッサ,アイルハヴアナザーI'll Have Another(米)
2023102586,ロードカナロア,ディヴァインラヴ,エピファネイア
2023101880,ハービンジャーHarbinger(英),ヒアーズトウショウ,フジキセキ
2023100862,ゴールドシップ,ハイマーク,マヤノトップガン
2023100425,アルアイン,ミスクリスエス,シンボリクリスエス
2023104410,レイデオロ,ペルフィカ,ゼンノロブロイ
2023105076,ホッコータルマエ,ニシノヘレンド,Oasis Dream(英)
2023106372,タリスマニックTalismanic(英),パティシエール,タニノギムレット
2023102342,ミスターメロディ,ロマネクイーン,マイネルラヴ
2023102133,ダノンプレミアム,エレスチャル,ショウナンカンプ
2023102209,シルバーステート,アイアムネフライト,アグネスタキオン
2023101873,レッドファルクス,スカイソング,ディープスカイ
2023103231,ミスチヴィアスアレックスMischevious Alex(米),マイネマリアンヌ,ダイワメジャー
2023102259,ロジャーバローズ,ウーマッハ,ロードアルティマ
2023106470,ブリックスアンドモルタルBricks and Mortar(米),ブルーバード,リーチザクラウン
2023103410,ポエティックフレアPoetic Flare(愛),サプルマインド,ディープインパクト
2023105427,フォーウィールドライブFour Wheel Drive(米),オルトリンデ,ダンスインザダーク
2023102433,ディーマジェスティ,ラハイナヌーン,カフェラピード
2023104484,ベンバトルBenbatl(英),エンジェルカナ,トーセンホマレボシ
2023104946,カリフォルニアクロームCalifornia Chrome(米),シャンテクレール,Dubawi
2023104835,ダノンスマッシュ,マルモレイナ,エンパイアメーカーEmpire Maker(米)
2023101898,ダノンスマッシュ,マナブフェイス,ブラックタイド
2023101599,スワーヴリチャード,ジャポニカスタイル,キングズベストKing's Best(米)
2022105171,ルヴァンスレーヴ,レネットグルーヴ,キングカメハメハ
2021102708,ゴールドシップ,ヴィーヴァブーケ,キングカメハメハ
2021102717,ハービンジャーHarbinger(英),シルクアイリス,ディープインパクト
2021105244,ブリックスアンドモルタルBricks and Mortar(米),マンハッタンセレブ,サンデーサイレンスSunday Silence(米)
2020102675,ハーツクライ,セデュイールIISeduire(加),Elusive Quality
2022106832,ダノンバラード,マーマレードガール,タイキシャトル
2022103353,トーセンラー,コスモメソッド,ヴィクトワールピサ
2021102420,グレーターロンドン,パンドラズホープ,キングカメハメハ
2022107106,レッドベルジュール,パンツァネッラ,ルーラーシップ
2021105047,ロゴタイプ,サニーデイサンデー,ジャングルポケット
2022103509,ウインブライト,クイックメール,タイキシャトル
2020102081,モーリス,ナリタシルエット,フジキセキ
2022100128,リアルスティール,エピファレーヌ,エピファネイア
2022103278,キズナ,レネーズタイタンRenee's Titan(米),Bernstein
2022101102,ゴールドシップ,サマーラグーン,ボストンハーバーBoston Harbor(米)
2022104587,フィエールマン,アイムユアーズII,Invincible Spirit(愛)
2022106811,ゴールドシップ,マイネチャーム,アグネスタキオン
2020103502,ブラックタイド,トゥーピーToupie(英),Intikhab
2019105076,ディープインパクト,ウィキッドリーパーフェクトWickedly Perfect(米),Congrats(米)
2022105525,ブリックスアンドモルタルBricks and Mortar(米),マルセリーナ,ディープインパクト
2019106416,キンシャサノキセキ,ピサノレインボー,Rainbow Quest(米)
2022100684,サトノクラウン,メイケイキララ,タイキシャトル
2022105461,ハービンジャーHarbinger(英),ファイアマーシャル,ディープインパクト
2022102260,フィエールマン,トロントテソーロ,シャンハイボビーShanghai Bobby(米)
2021103017,ニューイヤーズデイ,メロウメロディ,キャプテンスティーヴCaptain Steve(米)
2021107052,ドゥラメンテ,ゼフィランサス,キングヘイロー
2021106070,エスポワールシチー,ポルボローネ,フレンチデピュティFrench Deputy(米)
2021100387,パイロPyro(米),ラフィネシチー,ゴールドアリュール
2022101684,サンダースノーThunder Snow(愛),ブルーミスト,スクリーンヒーロー
2022104982,キズナ,ファイネストシティFinest City(米),City Zip(米)
2021110123,Into Mischief,Good Vibes,Unbridled's Song(米)
2021110040,Masar(愛),ゴールデングローブ,Shamardal(米)
2019105755,スクリーンヒーロー,クラックコード,ダンスインザダーク
2019100689,フェノーメノ,ヴァニラシャンティ,シンボリクリスエス
2019100844,ヘニーヒューズHenny Hughes(米),ナスカザン,ダイワメジャー
2022103644,モーニン,ヴァーチュスター,シンボリクリスエス
2019102676,ワールドエース,リアライズナラック,Fusaichi Pegasus
2022101578,エスポワールシチー,ハギノアップラウゾ,キングカメハメハ
2022104985,ミッキーアイル,ファディラーFadillah(英),Monsun
2022101405,モーリス,クリーンファンキー,タイキシャトル
2021104806,ダイワメジャー,レディマカパLady Macapa(英),Equiano
2021103932,アニマルキングダムAnimal Kingdom(米),スイングサンデー,スペシャルウィーク
2022105398,ダイワメジャー,ダヌスカズマイガールDanuska's My Girl(米),Shackleford
2021100958,ビッグアーサー,マリアフィオーレ,ハーツクライ
2022101896,エピファネイア,デアリングバード,キングカメハメハ
2022104953,モーリス,バンゴール,キングカメハメハ
2022102696,サートゥルナーリア,カラレイア,エンパイアメーカーEmpire Maker(米)
2022105162,ドレフォンDrefong(米),レッドラヴィータ,スペシャルウィーク
2021106206,マクフィMakfi(英),ウインミレーユ,ステイゴールド
2020103261,サトノアラジン,ヴィリエルバクル,Sea The StarsSea the Stars(愛)
2020103885,マツリダゴッホ,カムホームラッシー,Lawman
2021103535,サトノクラウン,フローラルダンサー,ファスリエフFasliyev(米)
2022109033,シルバーステート,ハワイアンスマイル,キングカメハメハ
2021104681,リアルスティール,マッテンタルト,キングカメハメハ
2022104313,ウインブライト,ドーバーブリーズ,Frankel
2022103406,トーセンラー,アンジェリカス,ハービンジャーHarbinger(英)
2022105505,サートゥルナーリア,ベイトゥベイBay to Bay(米),Sligo Bay
2021105784,リアルスティール,マトリョーシカ,クロフネ
2021102988,エピファネイア,スズカローラー,スズカマンボ
2020106694,ゴールドシップ,カレイメモワール,アドマイヤムーン
2021105763,アルアイン,ベッラレイア,ナリタトップロード
2019100212,ゴールドシップ,コスモマイルール,ルールオブローRule of Law(米)
2020102760,ハービンジャーHarbinger(英),イチオクノホシ,ゼンノロブロイ
2021103033,バゴBago(仏),サトノサンシャイン,ステイゴールド
2022104623,ブリックスアンドモルタルBricks and Mortar(米),アロマティコ,キングカメハメハ
2022105227,アドマイヤマーズ,アークロイヤル,ハービンジャーHarbinger(英)
2020100678,モーリス,シャブリ,ディープインパクト
2021106823,ゴールドシップ,マイネヒメル,ロージズインメイRoses in May(米)
2022105369,ロードカナロア,ジョイニキータ,Fortify
2021104865,エピファネイア,シャルール,ゼンノロブロイ
2022102296,ドゥラメンテ,ディープインアスク,ディープインパクト
2022104885,アドマイヤマーズ,タムニアTamniah(仏),Nathaniel(愛)
2022105346,キズナ,シアードラマSheer Drama(米),Burning Roma
2022104839,Frankel,ジョイカネラJoy Canela(亜),Fortify
2022103546,キズナ,パラダイスガーデン,Closing Argument
2021106752,サトノクラウン,アルマミーア,ディープインパクト
2020103304,リアルスティール,カシシ,ジャングルポケット
2022104994,キズナ,フォエヴァーダーリングForever Darling(米),Congrats(米)
2019105768,ベーカバドBehkabad(仏),スマートシンパシー,ダンスインザダーク
2021105442,Saxon Warrior(安平町),エライヤElaya(仏),Siyouni
2021105752,ハービンジャーHarbinger(英),プリンセスカメリア,サンデーサイレンスSunday Silence(米)
2022100201,フォーウィールドライブFour Wheel Drive(米),ボリード,ディープインパクト
2020103640,ミッキーロケット,ミッキークイーン,ディープインパクト
2022106513,シュヴァルグラン,キーレター,リンドシェーバー
2022105215,ブリックスアンドモルタルBricks and Mortar(米),アプリコットフィズ,ジャングルポケット
2021106332,ヘニーヒューズHenny Hughes(米),ランミネルバ,アグネスタキオン
2020105525,シルバーステート,コウザンティアラ,サウスヴィグラス
2022102103,シニスターミニスターSinister Minister(米),ワイルドポポ,ワイルドラッシュWild Rush(米)
2020104617,ディープスカイ,エフシア,アグネスデジタル
2021101521,シュヴァルグラン,インドリヤIndriya(米),Stormy Atlantic
2020103256,モーリス,ヴァイスハイト,アドマイヤベガ
2020104437,ヴィクトワールピサ,プリンセスメモリー,スウェプトオーヴァーボードSwept Overboard(米)
2022103396,ルヴァンスレーヴ,クロエチャン,スパイキュール
2021103482,レッドファルクス,エリモフローラ,ゼンノロブロイ
2022101607,サンダースノーThunder Snow(愛),トーホウルス,ディープインパクト
2020101265,ロゴタイプ,マロンコート,ハービンジャーHarbinger(英)
2021102933,イスラボニータ,ポリネイターPollenator(愛),Motivator
2022105609,フォーウィールドライブFour Wheel Drive(米),コマノレジェンド,ストリートセンスStreet Sense(米)
